{
  "version": 1,
  "author": "Anonymous maker",
  "editor": "wokwi",
  "parts": [
    {
      "type": "wokwi-arduino-uno",
      "id": "uno",
      "top": 6.6,
      "left": 1.4,
      "rotate": 90,
      "attrs": {}
    },
    {
      "type": "wokwi-buzzer",
      "id": "bz1",
      "top": -16.8,
      "left": -46.2,
      "attrs": { "volume": "0.1" }
    },
    { "type": "wokwi-pir-motion-sensor", "id": "pir1", "top": -44, "left": 271.02, "attrs": {} }
  ],
  "connections": [
    [ "bz1:1", "uno:11", "green", [ "v0" ] ],
    [ "bz1:2", "uno:GND.3", "green", [ "v0" ] ],
    [ "pir1:VCC", "uno:5V", "red", [ "v0" ] ],
    [ "pir1:OUT", "uno:2", "green", [ "v0" ] ],
    [ "pir1:GND", "uno:GND.1", "black", [ "v0" ] ]
  ],
  "dependencies": {}
}